<?xml version="1.0" encoding="UTF-8"?>
<column>
    <name>zhengfugonggao</name>
    <url>http://www.harbin.gov.cn/zwxxgk/zfgg/zfgg2012.htm</url>
    <refreshRate></refreshRate>
    <hashName></hashName>
    <nodeList>
        <node>
            <name>2012年政府公告</name>
            <url>http://www.harbin.gov.cn/zwxxgk/zfgg/zfgg2012.htm</url>
            <pageUrl>l/hash(zhengfugonggao/2012年政府公告).xml</pageUrl>
            <refreshRate></refreshRate>
            <hashName></hashName>
        </node>
        <node>
            <name>2011年政府公告</name>
            <url>http://www.harbin.gov.cn/zwxxgk/zfgg/zfgg2011.htm</url>
            <pageUrl>l/hash(zhengfugonggao/2012年政府公告).xml</pageUrl>
            <refreshRate></refreshRate>
            <hashName></hashName>
        </node>
        <node>
            <name>2010年政府公告</name>
            <url>http://www.harbin.gov.cn/zwxxgk/zfgg/zfgg2010.htm</url>
            <pageUrl>l/hash(zhengfugonggao/2012年政府公告).xml</pageUrl>
            <refreshRate></refreshRate>
            <hashName></hashName>
        </node>
        <node>
            <name>2009年政府公告</name>
            <url>http://www.harbin.gov.cn/zwxxgk/zfgg/zfgg2009.htm</url>
            <pageUrl>l/hash(zhengfugonggao/2012年政府公告).xml</pageUrl>
            <refreshRate></refreshRate>
            <hashName></hashName>
        </node>
        <node>
            <name>2008年政府公告</name>
            <url>http://www.harbin.gov.cn/zwxxgk/zfgg/zfgg2008.htm</url>
            <pageUrl>l/hash(zhengfugonggao/2012年政府公告).xml</pageUrl>
            <refreshRate></refreshRate>
            <hashName></hashName>
        </node>
        <node>
            <name>2007年政府公告</name>
            <url>http://www.harbin.gov.cn/zwxxgk/zfgg/zfgg2007.htm</url>
            <pageUrl>l/hash(zhengfugonggao/2012年政府公告).xml</pageUrl>
            <refreshRate></refreshRate>
            <hashName></hashName>
        </node>
        <node>
            <name>2006年政府公告</name>
            <url>http://www.harbin.gov.cn/zwxxgk/zfgg/zfgg2006.htm</url>
            <pageUrl>l/hash(zhengfugonggao/2012年政府公告).xml</pageUrl>
            <refreshRate></refreshRate>
            <hashName></hashName>
        </node>
        <node>
            <name>2005年政府公告</name>
            <url>http://www.harbin.gov.cn/zwxxgk/zfgg/zfgg2005.htm</url>
            <pageUrl>l/hash(zhengfugonggao/2012年政府公告).xml</pageUrl>
            <refreshRate></refreshRate>
            <hashName></hashName>
        </node>
        <node>
            <name>2004年政府公告</name>
            <url>http://www.harbin.gov.cn/zwxxgk/zfgg/zfgg2004.htm</url>
            <pageUrl>l/hash(zhengfugonggao/2012年政府公告).xml</pageUrl>
            <refreshRate></refreshRate>
            <hashName></hashName>
        </node>
        <node>
            <name>2003年政府公告</name>
            <url>http://www.harbin.gov.cn/zwxxgk/zfgg/zfgg2003.htm</url>
            <pageUrl>l/hash(zhengfugonggao/2012年政府公告).xml</pageUrl>
            <refreshRate></refreshRate>
            <hashName></hashName>
        </node>
    </nodeList>
</column>
