<?xml version="1.0" encoding="UTF-8"?>
<website>
    <editor>genghailong</editor>
    <info>zhong guo haerbin</info>
    <nodeList>
        <node>
            <name>zhengfugonggao</name>
            <url>http://www.harbin.gov.cn/zwxxgk/zfgg/zfgg2012.htm#</url>
            <pageUrl>./c/2ab18cb69487ddc2cea2417be9ff0865</pageUrl>
        </node>
        <node>
            <name>bumendongtai</name>
            <url>http://www.harbin.gov.cn/zwxxgk/bmdt.htm</url>
            <pageUrl>./c/607affa3aee31464c476c4d286af814f</pageUrl>
        </node>
    </nodeList>
</website>
