<?xml version="1.0" encoding="UTF-8"?>
<website>
    <editor>genghailong</editor>
    <info>zhong guo haerbin</info>
    <node>
        <name>chinese harbin</name>
        <url>http://www.harbin.gov.cn/</url>
        <refreshRate></refreshRate>
        <hashName></hashName>
        <nodeList>
            <node>
                <name>zhengfugonggao</name>
                <url>http://www.harbin.gov.cn/zwxxgk/zfgg/zfgg2012.htm</url>
                <pageUrl>c/hash(zhengfugonggao.xml)</pageUrl>
                <refreshRate></refreshRate>
                <hashName></hashName>
            </node>
            <node>
                <name>bumendongtai</name>
                <url>http://www.harbin.gov.cn/zwxxgk/bmdt.htm</url>
                <pageUrl>c/hash(bumendongtai.xml)</pageUrl>
                <refreshRate></refreshRate>
                <hashName></hashName>
            </node>
        </nodeList>
    </node>
</website>
